{
  "$schema": "https://ui.shadcn.com/schema.json",
  "style": "default",
  "rsc": true,
  "tsx": true,
  "tailwind": {
    "config": "tailwind.config.ts",
    "css": "app/globals.css",
    "baseColor": "slate",
    "cssVariables": true,
    "prefix": ""
  },
  "iconLibrary": "lucide",
  "aliases": {
    "components": "@/components",
    "utils": "@/lib/utils"
  },
  "registries": {
    "@tailark": "https://tailark.com/r/{name}.json",
    "@magicui": "https://magicui.design/r/{name}.json",
    "@shadcnblocks": "https://shadcnblocks.com/r/{name}.json",
    "@aceternity": "https://ui.aceternity.com/registry/{name}.json"
  }
}
