{
  "name": "tkvcreato",
  "version": "0.1.0",
  "private": true,
  "scripts": {
    "build": "next build",
    "start": "next start",
    "db:generate": "prisma generate",
    "db:push": "prisma db push",
    "db:studio": "prisma studio"
  },
  "dependencies": {
    "@auth/prisma-adapter": "^2.11.1",
    "@iconify/react": "^6.0.2",
    "@prisma/client": "5.20.0",
    "@radix-ui/react-accordion": "^1.2.12",
    "@radix-ui/react-avatar": "^1.1.11",
    "@radix-ui/react-dropdown-menu": "^2.1.16",
    "@radix-ui/react-label": "^2.1.8",
    "@radix-ui/react-progress": "^1.1.8",
    "@radix-ui/react-slot": "^1.2.4",
    "@radix-ui/react-tabs": "^1.1.13",
    "bcryptjs": "^3.0.3",
    "class-variance-authority": "^0.7.1",
    "clsx": "^2.1.1",
    "cobe": "^0.6.5",
    "dompurify": "^3.3.0",
    "dotted-map": "^2.2.3",
    "framer-motion": "^12.23.24",
    "geist": "^1.5.1",
    "jose": "^6.1.2",
    "motion": "^12.23.24",
    "next": "^14.2.33",
    "next-auth": "^4.24.13",
    "next-themes": "^0.4.6",
    "prisma": "5.20.0",
    "react": "^18.3.1",
    "react-dom": "^18.3.1",
    "react-intersection-observer": "^10.0.0",
    "tailwind-merge": "^3.4.0",
    "tailwindcss-animate": "^1.0.7",
    "zod": "^4.1.12"
  }
}
